{
  "deltas": [
    0.8576343655586243,
    1.304903507232666,
    1.3455780744552612,
    1.0369254350662231,
    0.6192302107810974,
    1.7316769361495972,
    1.6902414560317993,
    1.4435185194015503
  ],
  "eta": 1.6736972332000732,
  "lmbd": 21.626676559448242
}