{
  "deltas": [
    0.8790655136108398,
    0.8973405957221985,
    1.1351287364959717,
    0.7908591628074646,
    0.8739874362945557,
    1.1189559698104858,
    0.9765055775642395,
    0.9596550464630127,
    0.7051711678504944,
    1.1311920881271362,
    0.9681952595710754,
    1.2050604820251465,
    1.1458436250686646,
    0.495524138212204,
    1.2181439399719238,
    0.48596593737602234,
    0.9354307055473328,
    0.3223244249820709,
    0.44479379057884216,
    1.7754113674163818,
    -0.22185035049915314,
    1.1238574981689453,
    0.8695173263549805,
    0.7975741028785706,
    0.888277530670166,
    0.11774564534425735,
    1.0187804698944092,
    1.0823200941085815,
    0.9721640348434448,
    0.5592477917671204
  ],
  "eta": 0.8313807249069214,
  "lmbd": 26.458187103271484
}