{
  "deltas": [
    0.582105815410614,
    0.5490871071815491,
    0.6320016980171204,
    0.9547852873802185,
    0.7390914559364319,
    0.33590278029441833,
    2.233908176422119,
    0.9611179232597351,
    2.6661531925201416,
    0.8956046104431152
  ],
  "eta": 2.3740673065185547,
  "lmbd": 0.2692110240459442
}