{
  "deltas": [
    0.961402177810669,
    1.035070776939392,
    1.0994991064071655,
    1.079364538192749,
    0.9982378482818604,
    1.068308711051941,
    0.9621840119361877,
    1.0262656211853027,
    0.9687997698783875,
    0.9841307401657104,
    0.8756333589553833,
    0.9946013689041138,
    1.062008261680603,
    0.9595272541046143,
    1.054707407951355,
    0.8797208666801453,
    1.014601230621338,
    0.9871366620063782,
    0.9979015588760376,
    1.0697540044784546,
    1.0382378101348877,
    0.9233254790306091,
    1.0073511600494385,
    1.0196255445480347,
    0.9267222285270691,
    0.993854284286499,
    1.030070185661316,
    1.0046941041946411,
    0.9344121217727661,
    1.089002013206482,
    1.0095113515853882,
    0.8902006149291992,
    1.088217854499817,
    0.9495359659194946,
    1.0600459575653076,
    0.9325306415557861,
    1.0664962530136108,
    1.1026219129562378,
    0.9553282260894775,
    0.904174268245697,
    1.0121569633483887,
    1.084525227546692,
    0.9844205379486084,
    1.0225082635879517,
    0.9384607672691345,
    1.062225103378296,
    0.9072518944740295,
    1.0513510704040527,
    0.9938323497772217,
    1.0045039653778076,
    1.0935595035552979,
    0.9352635741233826,
    1.016464114189148,
    0.9834398031234741,
    1.0270569324493408,
    0.9414461255073547,
    1.0423074960708618,
    0.8955641388893127,
    0.9416990280151367,
    0.9402976632118225,
    1.0919517278671265,
    1.0607516765594482,
    1.087310552597046,
    0.874415397644043,
    1.1107925176620483,
    0.9296815991401672,
    0.8046045899391174,
    1.0190839767456055,
    1.0646002292633057,
    0.8941182494163513,
    1.0934569835662842,
    0.9496597647666931,
    1.0234402418136597,
    1.03999662399292,
    1.0576823949813843,
    0.98209148645401,
    1.0262489318847656,
    1.1638078689575195,
    0.8713839054107666,
    1.0117392539978027,
    0.9217129349708557,
    1.00584077835083,
    1.08597993850708,
    1.0391429662704468,
    0.8744358420372009,
    1.1013712882995605,
    1.087288737297058,
    0.7084118723869324,
    1.3290263414382935,
    1.512830138206482,
    -0.04253097251057625,
    1.2699687480926514,
    0.718334436416626,
    0.8559306263923645,
    0.0005000574747100472,
    0.176327183842659,
    -0.41133999824523926,
    -0.2768978774547577,
    1.7168331146240234,
    0.4303160607814789
  ],
  "eta": 1.0722968578338623,
  "lmbd": 24.927845001220703
}