{
  "deltas": [
    0.7888458371162415,
    1.3953465223312378,
    0.8841357827186584,
    0.5067779421806335,
    2.1842918395996094,
    2.0797669887542725
  ],
  "eta": 1.8278107643127441,
  "lmbd": 22.466583251953125
}