{
  "deltas": [
    0.931070864200592,
    0.9318831562995911,
    0.4930976927280426,
    0.19856679439544678,
    0.26052525639533997,
    1.394118070602417,
    0.6883458495140076,
    0.5741121768951416,
    1.4882721900939941,
    0.4799397587776184
  ],
  "eta": 1.2150850296020508,
  "lmbd": 30.952301025390625
}