{
  "deltas": [
    0.847595751285553,
    1.725722312927246,
    0.9569634795188904,
    2.9185686111450195
  ],
  "eta": 1.5328302383422852,
  "lmbd": 22.30068588256836
}