{
  "deltas": [
    0.7953058481216431,
    1.1620080471038818,
    0.7566404342651367,
    1.7688227891921997,
    0.8918095231056213,
    0.7734512090682983,
    1.8714228868484497,
    0.6361895203590393,
    1.8171586990356445,
    0.6897503733634949
  ],
  "eta": 1.6131577491760254,
  "lmbd": 17.48750114440918
}