{
  "deltas": [
    0.8647994995117188,
    1.3502509593963623,
    1.1576550006866455,
    0.9889117479324341,
    1.0205048322677612,
    1.8638577461242676,
    1.14913010597229,
    0.36076846718788147,
    2.317106008529663,
    0.18390342593193054
  ],
  "eta": 1.5025666952133179,
  "lmbd": 21.27931785583496
}