{
  "deltas": [
    0.7001606225967407,
    0.6728039979934692,
    0.6157153844833374,
    0.7082858681678772,
    0.8952834606170654,
    0.8872198462486267,
    1.0679205656051636,
    1.0071808099746704,
    2.621894359588623,
    0.8473035097122192
  ],
  "eta": 1.3667854070663452,
  "lmbd": 25.0
}