{
  "deltas": [
    0.6111396551132202,
    0.4639860987663269,
    0.2483196258544922,
    0.4679383933544159,
    0.7337925434112549,
    0.7599790692329407,
    1.3752715587615967,
    0.8367372751235962,
    2.8284690380096436,
    1.0062795877456665
  ],
  "eta": 1.077576994895935,
  "lmbd": 25.0
}