{
  "deltas": [
    0.6206573843955994,
    0.5788652896881104,
    0.6470927000045776,
    0.6836283802986145,
    0.7086437344551086,
    1.0049641132354736,
    1.0500248670578003,
    0.6652438044548035,
    2.12798810005188,
    0.7250590920448303
  ],
  "eta": 1.6517637968063354,
  "lmbd": 25.0
}