{
  "deltas": [
    0.8380367159843445,
    1.0598728656768799,
    0.980770468711853,
    1.0853698253631592,
    1.0643423795700073,
    1.1513270139694214,
    1.460824728012085,
    0.9295936822891235,
    3.5779013633728027,
    1.4754623174667358
  ],
  "eta": 1.1846672296524048,
  "lmbd": 25.0
}