{
  "deltas": [
    0.7918355464935303,
    0.6517825722694397,
    0.6084321141242981,
    0.3541790843009949,
    0.7947035431861877,
    1.0134294033050537,
    1.0132020711898804,
    0.8348149061203003,
    2.258526086807251,
    0.7751188278198242
  ],
  "eta": 1.4567639827728271,
  "lmbd": 25.0
}