{
  "deltas": [
    0.3192055821418762,
    0.38245952129364014,
    0.5547138452529907,
    0.6856020092964172,
    0.6465003490447998,
    0.9154580235481262,
    1.0806635618209839,
    1.0036932229995728,
    2.4289751052856445,
    0.8686134815216064
  ],
  "eta": 1.512904405593872,
  "lmbd": 25.0
}