{
  "deltas": [
    0.7716250419616699,
    1.039008617401123,
    0.9272709488868713,
    1.0810750722885132,
    0.7339341640472412,
    1.5362242460250854,
    1.269171953201294,
    0.46771207451820374,
    3.015897274017334,
    0.12594743072986603
  ],
  "eta": 1.8654588460922241,
  "lmbd": 21.749961853027344
}