{
  "deltas": [
    0.7996003031730652,
    1.1998755931854248,
    0.7996826767921448,
    1.7047353982925415,
    0.8979542851448059,
    0.780354917049408,
    1.9133268594741821,
    0.6347829699516296,
    1.8325316905975342,
    0.7071108222007751
  ],
  "eta": 1.5856422185897827,
  "lmbd": 25.009164810180664
}