{
  "deltas": [
    0.7616950869560242,
    1.1685384511947632,
    0.8782874941825867,
    1.5184158086776733,
    0.88942551612854,
    0.7640578746795654,
    2.1505649089813232,
    0.31746095418930054,
    1.6796857118606567,
    0.6851210594177246
  ],
  "eta": 1.7572286128997803,
  "lmbd": 25.168392181396484
}