{
  "deltas": [
    0.7639553546905518,
    1.1596931219100952,
    0.7611139416694641,
    1.720889687538147,
    0.8970521688461304,
    0.6913321614265442,
    1.7988532781600952,
    0.6137792468070984,
    1.7767423391342163,
    0.6680511236190796
  ],
  "eta": 1.7159329652786255,
  "lmbd": 17.514253616333008
}