{
  "deltas": [
    0.7760788798332214,
    1.4811186790466309,
    0.8332419395446777,
    0.5418732166290283,
    2.5586814880371094,
    2.3340237140655518
  ],
  "eta": 1.9569594860076904,
  "lmbd": 25.021270751953125
}