{
  "4": {
    "2": [
      0.31972608268260955,
      0.6183666818671756,
      0.7382157772779465,
      0.856178092625406,
      0.5440721326404148,
      0.40639100041654375,
      0.2918529791964425,
      0.17684992833269966
    ],
    "3": [
      0.2549102955394321,
      0.5280033595032162,
      0.6539398209916221,
      0.8240668714046478,
      0.3799238254626592,
      0.2988372435172399,
      0.23698877559767828,
      0.16426762557691998
    ],
    "4": [
      0.3415194640556971,
      0.5848072452677621,
      0.6666960351996951,
      0.8918155352274577,
      0.2601693242788315,
      0.19884593048029475,
      0.16822223299079472,
      0.12378067250053088
    ],
    "5": [
      0.3331881084375911,
      0.6693754166364669,
      0.8457262605428696,
      1.027474296092987,
      0.22384358702434434,
      0.18366653360426427,
      0.1574241360442506,
      0.11119457913769616
    ]
  },
  "8": {
    "2": [
      0.230699998471472,
      0.4557851513226827,
      0.5266491163108084,
      0.5833036843273375,
      0.6420284887154897,
      0.7176771134138107,
      0.8099766237868203,
      0.933834746811125,
      0.6038350088728799,
      0.486474617322286,
      0.4043048557307985,
      0.3611351622475518,
      0.3099830403923988,
      0.25525693976216846,
      0.189456041653951,
      0.10713350069191721
    ],
    "3": [
      0.21749148534403906,
      0.4200656513023811,
      0.49886689384778343,
      0.5041241268316905,
      0.5368144787020154,
      0.5849800747301843,
      0.6560757900277774,
      0.8041572378741371,
      0.4112167881594764,
      0.353121128016048,
      0.32275391353501215,
      0.2852843117382791,
      0.25468373000621797,
      0.22490741163492203,
      0.17618357059028414,
      0.11190360229876306
    ],
    "4": [
      0.22825256370835834,
      0.4363676449516788,
      0.5078017643756336,
      0.5635694151123365,
      0.6206718520985709,
      0.6593595286210377,
      0.7092412418789333,
      0.9326416485839419,
      0.28192179616954594,
      0.23824814102715916,
      0.21655452069309022,
      0.19576061649454965,
      0.18358677559428746,
      0.15757635153002209,
      0.13825991931888792,
      0.0918517784939872
    ],
    "5": [
      0.2894794603188833,
      0.4608472016122606,
      0.5907818461457889,
      0.5611589251706998,
      0.6342233836650848,
      0.7601677573389477,
      0.865052076180776,
      0.9462328044076761,
      0.2547924104664061,
      0.19104875264068444,
      0.1683963762389289,
      0.17405641546679868,
      0.18160584660040008,
      0.16465810678071446,
      0.1373577947417895,
      0.08979568423496352
    ]
  }
}