{
  "4": {
    "2": [
      0.39224887357817756,
      0.7640233639213774,
      0.8862700257036421,
      1.0480336129665375,
      0.5319048368268543,
      0.40088485644923316,
      0.2897378451294369,
      0.17380940260158645
    ],
    "3": [
      0.2965710937976837,
      0.6279644484321276,
      0.772090862194697,
      0.9499548335870107,
      0.39458661211861507,
      0.31385163929727344,
      0.24298891971508663,
      0.17465835163990656
    ],
    "4": [
      0.40216333808170424,
      0.6992416537470287,
      0.8029863625764847,
      1.1107076108455658,
      0.2551197659638193,
      0.1981556492133273,
      0.16610735671387777,
      0.12532127681705688
    ],
    "5": [
      0.34911553710699084,
      0.7003936698039372,
      0.9223869545592203,
      1.1346031102869245,
      0.21868400532338356,
      0.1792654465056128,
      0.15799666763179832,
      0.1123521255950133
    ]
  },
  "8": {
    "2": [
      0.29859101474285127,
      0.5906029234329859,
      0.6678171137968699,
      0.7240326232380337,
      0.7926374687088861,
      0.8793194691340128,
      0.9901719272136689,
      1.1412206523948245,
      0.5915033916632334,
      0.47405175964037577,
      0.3947855270571179,
      0.3525223599539863,
      0.30343264937400816,
      0.25220618463224836,
      0.1871746663418081,
      0.1048341441485617
    ],
    "3": [
      0.21376430375708474,
      0.5180017087194655,
      0.5941681964529886,
      0.6007145716084374,
      0.6218698792987399,
      0.7099478241470125,
      0.7813620484537549,
      0.9197185152106815,
      0.4176506264342202,
      0.37059880759980945,
      0.3445966614617242,
      0.3161484001411332,
      0.2615905535717805,
      0.23976575401094224,
      0.17753806196981006,
      0.11736382908291287
    ],
    "4": [
      0.2730593395096043,
      0.5239339126092899,
      0.6135233125752872,
      0.6867928155594402,
      0.7580190234714084,
      0.8017655458715227,
      0.8765073988172744,
      1.1263713591628604,
      0.27858348141113914,
      0.23753849731551277,
      0.2146484254135026,
      0.19367321613762115,
      0.18346091442637974,
      0.1553020196242465,
      0.13923399647076926,
      0.09124952637486988
    ],
    "5": [
      0.31596369875801933,
      0.4791508464349641,
      0.5769816744658682,
      0.605855071089334,
      0.6869827992386288,
      0.8203690139783754,
      0.9553834193282658,
      1.0502735774550174,
      0.24983170446422365,
      0.1757547799911764,
      0.16621812081171405,
      0.1740850019786093,
      0.17995934594008658,
      0.16376585761706033,
      0.13776608473724788,
      0.09026139014297062
    ]
  }
}